num_gov,mp_id,nome,cargo,data_inicio,data_fim
1,3177,"Mário Soares","Primeiro-Ministro",1976-07-23,1978-01-22
1,,"Albérico Santos Machado","Subsecretário de Estado da Habitação, Urbanismo e Construção",1976-07-23,1978-01-22
1,,"Alfredo Nobre da Costa","Ministro da Indústria e Tecnologia",1976-07-23,1978-01-22
1,,"Alfredo Nobre da Costa","Ministro da Indústria e Tecnologia",1977-03-25,1978-01-22
1,,"Antero Monteiro Dinis","Subsecretário de Estado Adjunto do Primeiro-Ministro",1976-07-23,1978-01-22
1,,"António Azevedo Gomes","Subsecretário de Estado das Florestas",1976-07-28,1976-11-05
1,2927,"António Barreto","Ministro do Comércio e Turismo",1976-07-23,1977-03-25
1,2927,"António Barreto","Ministro da Agricultura e Pescas",1976-11-05,1978-01-22
1,147,"António de Almeida Santos","Ministro da Justiça",1976-07-23,1978-01-22
1,318,"António Lopes Cardoso","Ministro da Agricultura e Pescas",1976-07-23,1976-11-05
1,3230,"António Maldonado Gonelha","Ministro do Trabalho",1977-03-25,1978-01-22
1,3543,"António Sousa Gomes","Ministro do Plano e Coordenação Económica",1976-07-23,1978-01-22
1,3543,"António Sousa Gomes","Ministro da Indústria e Tecnologia",1977-01-07,1977-03-25
1,3691,"Armando Bacelar","Ministro dos Assuntos Sociais",1976-07-23,1978-01-22
1,3273,"Carlos Mota Pinto","Ministro do Comércio e Turismo",1977-03-25,1978-01-22
1,,"Custódio Simões","Subsecretário de Estado do Trabalho",1976-07-28,1977-10-12
1,164,"Eduardo Pereira","Ministro da Habitação, Urbanismo e Construção",1976-07-23,1978-01-22
1,3690,"Emílio Rui Vilar","Ministro dos Transportes e Comunicações",1976-07-23,1978-01-22
1,,"Eurico Ferreira Nunes","Subsecretário de Estado das Finanças",1977-03-25,1978-01-22
1,3186,"Francisco Marcelo Curto","Ministro do Trabalho",1976-07-23,1977-03-25
1,3656,"Henrique de Barros","Ministro de Estado",1976-07-23,1978-01-22
1,,"Henrique Medina Carreira","Ministro das Finanças",1976-07-23,1978-01-22
1,,"Hugo Gonçalves Rocha","Subsecretário de Estado da Administração Interna",1976-07-28,1977-10-12
1,,"João Almeida Pina","Ministro das Obras Públicas",1976-07-23,1978-01-22
1,3802,"João Soares Louro","Subsecretário de Estado da Comunicação Social",1976-07-28,1977-03-25
1,3180,"Jorge Campinos","Ministro sem Pasta",1976-07-23,1978-01-22
1,,"José Achando Cabral","Subsecretário de Estado do Tesouro",1976-07-28,1977-03-25
1,1467,"José Medeiros Ferreira","Ministro dos Negócios Estrangeiros",1976-07-23,1977-10-12
1,,"Ludovico Cândido","Subsecretário de Estado do Orçamento",1977-03-25,1978-01-22
1,,"Manuel da Costa Brás","Ministro da Administração Interna",1976-07-23,1978-01-22
1,,"Mário Firmino Miguel","Ministro da Defesa Nacional",1976-07-23,1978-01-22
1,3177,"Mário Soares","Ministro dos Negócios Estrangeiros",1977-10-12,1978-01-22
1,3055,"Mário Sottomayor Cardia","Ministro da Educação e Investigação Científica",1976-07-23,1978-01-22
1,3183,"Walter Rosa","Ministro da Indústria e Tecnologia",1976-07-23,1977-01-07
2,3177,"Mário Soares","Primeiro-Ministro",1978-01-23,1978-08-27
2,233,"Alberto Oliveira e Silva","Ministro da Administração Interna",1978-01-30,1978-02-27
2,,"Alexandre Sobral Torres","Subsecretário de Estado Adjunto do Ministro das Finanças e Plano",1978-02-06,1978-08-27
2,,"António Arnault","Ministro dos Assuntos Sociais",1978-01-30,1978-08-27
2,147,"António de Almeida Santos","Ministro Adjunto do Primeiro Ministro",1978-01-30,1978-08-27
2,3230,"António Maldonado Gonelha","Ministro do Trabalho",1978-01-30,1978-08-27
2,,"Mário Firmino Miguel","Ministro da Defesa Nacional",1978-01-30,1978-08-27
2,,"António Sousa Gomes","Ministro da Habitação e Obras Públicas",1978-01-30,1978-08-27
2,1740,"Basílio Horta","Ministro do Comércio e Turismo",1978-01-30,1978-08-27
2,3154,"Carlos Melancia","Ministro da Indústria e Tecnologia",1978-01-30,1978-08-27
2,173,"Jaime Gama","Ministro da Administração Interna",1978-02-27,1978-08-27
2,,"José de Oliveira Marques","Subsecretário de Estado do Tesouro",1978-02-27,1978-08-27
2,,"Ludovico Cândido","Subsecretário de Estado do Orçamento",1978-02-06,1978-08-27
2,,"José Santos Pais","Ministro da Justiça",1978-01-30,1978-08-27
2,3200,"Luís Saias","Ministro da Agricultura e Pescas",1978-01-30,1978-08-27
2,3698,"Manuel Ferreira Lima","Ministro dos Transportes e Comunicações",1978-01-30,1978-08-27
2,3055,"Mário Sottomayor Cardia","Ministro da Educação e Cultura",1978-02-27,1978-08-27
2,3068,"Raúl Junqueiro","Subsecretário de Estado Adjunto do Ministro da Educação e Cultura",1978-06-21,1978-08-27
2,3601,"Rui Pena","Ministro da Reforma Administrativa",1978-01-30,1978-08-27
2,3083,"Vitor Constâncio","Ministro das Finanças e Plano",1978-01-30,1978-08-27
2,,"Vítor Sá Machado","Ministro dos Negócios Estrangeiros",1978-01-30,1978-08-27
3,,"Alfredo Nobre da Costa","Primeiro-Ministro",1978-08-28,1978-11-20
3,,"Carlos Costa Freitas","Ministro Adjunto do Primeiro Ministro",1978-08-28,1978-11-20
3,,"Mário Firmino Miguel","Ministro da Defesa Nacional",1978-08-28,1978-11-20
3,,"José da Silva Lopes","Ministro das Finanças e Plano",1978-08-28,1978-11-20
3,,"António Gonçalves Ribeiro","Ministro da Administração Interna",1978-08-28,1978-11-20
3,3054,"Mário Raposo","Ministro da Justiça",1978-08-28,1978-11-20
3,2953,"Carlos Corrêa Gago","Ministro dos Negócios Estrangeiros",1978-08-28,1978-11-20
3,,"Apolinário Vaz Portugal","Ministro da Agricultura e Pescas",1978-08-28,1978-11-20
3,,"Fernando Santos Martins","Ministro da Indústria e Tecnologia",1978-08-28,1978-11-20
3,,"Pedro Pires de Miranda","Ministro do Comércio e Turismo",1978-08-28,1978-11-20
3,,"António da Costa Leal","Ministro do Trabalho",1978-08-28,1978-11-20
3,,"Carlos Lloyd Braga","Ministro da Educação e Cultura",1978-08-28,1978-11-20
3,,"Acácio Pereira Magro","Ministro dos Assuntos Sociais",1978-08-28,1978-11-20
3,,"Amílcar Marques","Ministro dos Transportes e Comunicações",1978-08-28,1978-11-20
3,,"João Almeida Pina","Ministro da Habitação e Obras Públicas",1978-08-28,1978-11-20
3,,"Carlos Moura Pulido","Subsecretário de Estado Adjunto do Ministro da Educação e Cultura",1978-09-07,1978-11-20
3,,"Ludovico Cândido","Subsecretário de Estado do Orçamento",1978-09-07,1978-11-20
4,3273,"Carlos Mota Pinto","Primeiro-Ministro",1978-11-21,1979-07-30
4,,"Álvaro Monjardino","Ministro Adjunto do Primeiro Ministro",1978-11-21,1979-07-30
4,,"José Alberto Loureiro dos Santos","Ministro da Defesa Nacional",1978-11-21,1979-07-30
4,,"Manuel Jacinto Nunes","Ministro das Finanças e Plano",1978-11-21,1979-07-30
4,,"Manuel Jacinto Nunes","Vice Primeiro-Ministro de Assuntos Económicos e Integração Europeia",1978-11-21,1979-07-30
4,,"António Gonçalves Ribeiro","Ministro da Administração Interna",1978-11-21,1979-07-30
4,,"Eduardo Silva Correia","Ministro da Justiça",1978-11-21,1979-07-30
4,,"João de Freitas Cruz","Ministro dos Negócios Estrangeiros",1978-11-21,1979-07-30
4,,"Apolinário Vaz Portugal","Ministro da Agricultura e Pescas",1978-11-21,1979-07-30
4,9,"Álvaro Barreto","Ministro da Indústria e Tecnologia",1978-11-21,1979-07-30
4,,"Abel Repolho Correia","Ministro do Comércio e Turismo",1978-11-21,1979-07-30
4,,"Eusébio Marques de Carvalho","Ministro do Trabalho",1978-11-21,1979-07-30
4,376,"Luís Valente de Oliveira","Ministro da Educação e Investigação Científica",1978-11-21,1979-07-30
4,,"Acácio Pereira Magro","Ministro dos Assuntos Sociais",1978-11-21,1979-07-30
4,,"José Marques da Costa","Ministro dos Transportes e Comunicações",1978-11-21,1979-07-30
4,,"João Almeida Pina","Ministro da Habitação e Obras Públicas",1978-11-21,1979-07-30
4,,"Daniel Proença de Carvalho","Ministro do Comunicação Social",1978-11-21,1979-07-30
4,,"José Lima de Carvalho","Subsecretário de Estado Adjunto do Ministro da Agricultura e Pescas",1978-11-21,1979-07-30
4,3572,"Carlos Alberto Rosa","Subsecretário de Estado Adjunto do Ministro da Educação e Investigação Científica",1978-11-21,1979-07-30
4,,"António Daniel","Subsecretário de Estado da Administração Escolar",1978-11-21,1979-07-30
4,,"António Joaquim Carvalho","Subsecretário de Estado do Orçamento",1978-11-21,1979-07-30
5,,"Maria de Lurdes Pintasilgo","Primeiro-Ministro",1079-07-31,1980-01-02
5,,"Manuel da Costa Brás","Ministro Adjunto para a Administração Interna",1079-07-31,1980-01-02
5,,"Alfredo Bruto da Costa","Ministro da Coordenação Social e dos Assuntos Sociais",1079-07-31,1980-01-02
5,,"Alfredo Bruto da Costa","Ministro dos Assuntos Sociais",1079-07-31,1980-01-02
5,,"José Alberto Loureiro dos Santos","Ministro da Defesa Nacional",1079-07-31,1980-01-02
5,,"João de Freitas Cruz","Ministro dos Negócios Estrangeiros",1079-07-31,1980-01-02
5,,"Pedro Sousa Macedo","Ministro da Justiça",1079-07-31,1980-01-02
5,3526,"António Sousa Franco","Ministro das Finanças",1079-07-31,1980-01-02
5,2953,"Carlos Corrêa Gago","Ministro da Coordenação Económica e do Plano",1079-07-31,1980-01-02
5,3805,"Joaquim da Silva Lourenço","Ministro da Agricultura e Pescas",1079-07-31,1980-01-02
5,,"Fernando Videira","Ministro da Indústria",1079-07-31,1980-01-02
5,,"Acácio Pereira Magro","Ministro do Comércio e Turismo",1079-07-31,1980-01-02
5,,"Jorge Sá Borges","Ministro do Trabalho",1079-07-31,1980-01-02
5,,"Frederico Monteiro da Silva","Ministro dos Transportes e Comunicações",1079-07-31,1980-01-02
5,,"Mário de Azevedo","Ministro da Habitação e Obras Públicas",1079-07-31,1980-01-02
5,,"Luís Veiga da Cunha","Ministro da Educação",1079-07-31,1980-01-02
5,,"João Figueiredo","Ministro da Comunicação Social",1079-07-31,1980-01-02
5,,"José Lima de Carvalho","Subsecretário de Estado Adjunto do Ministro da Agricultura e Pescas",1079-07-31,1980-01-02
5,,"José Varela Pinto","Subsecretário de Estado Adjunto do Ministro dos Transportes e Comunicações",1079-07-31,1980-01-02
5,,"Adérito Sedas Nunes","Ministro da Coordenação Cultural, Cultura e Ciência",1079-08-07,1980-01-02
5,,"Adérito Sedas Nunes","Ministro da Cultura e Ciência",1079-08-07,1980-01-02
6,,"Francisco Sá Carneiro","Primeiro-Ministro",1980-01-03,1980-12-04
6,588,"Diogo Freitas do Amaral","Vice Primeiro-Ministro",1980-12-04,1981-01-08
6,588,"Diogo Freitas do Amaral","Primeiro-Ministro interino",1980-12-04,1981-01-08
6,588,"Diogo Freitas do Amaral","Ministro dos Negócios Estrangeiros",1980-01-03,1981-01-08
6,3158,"Francisco Pinto Balsemão","Ministro Adjunto do Primeiro Ministro",1980-01-03,1981-01-08
6,256,"Eurico de Melo","Ministro da Administração Interna",1980-01-03,1981-01-08
6,,"Adelino Amaro da Costa","Ministro da Defesa",1980-01-03,1980-12-04
6,,"Mário Raposo","Ministro da Justiça",1980-01-03,1981-01-08
6,312,"Aníbal Cavaco Silva","Ministro das Finanças e Plano",1980-01-03,1981-01-08
6,140,"Vítor Pereira Crespo","Ministro da Educação e Ciência",1980-01-03,1981-01-08
6,,"Eusébio Marques de Carvalho","Ministro do Trabalho",1980-01-03,1981-01-08
6,,"João Morais Leitão","Ministro dos Assuntos Sociais",1980-01-03,1981-01-08
6,3215,"António Cardoso e Cunha","Ministro da Agricultura e Pescas",1980-01-03,1981-01-08
6,1740,"Basílio Horta","Ministro do Comércio e Turismo",1980-01-03,1981-01-08
6,9,"Álvaro Barreto","Ministro da Indústria e Energia",1980-01-03,1981-01-08
6,,"João Porto","Ministro da Habitação e Obras Públicas",1980-01-03,1981-01-08
6,,"José Carlos Viana Baptista","Ministro dos Transportes e Comunicações",1980-01-03,1981-01-08
7,3158,"Francisco Pinto Balsemão","Primeiro-Ministro",1981-01-09,1981-09-03
7,1740,"Basílio Horta","Ministro de Estado Adjunto do Primeiro-Ministro",1981-01-09,1981-09-03
7,49,"Fernando do Amaral","Ministro da Administração Interna",1981-01-09,1981-09-03
7,3588,"Luís de Azevedo Coutinho","Ministro da Defesa Nacional",1981-01-09,1981-09-03
7,,"André Gonçalves Pereira","Ministro dos Negócios Estrangeiros",1981-01-09,1981-09-03
7,,"José Menéres Pimentel","Ministro da Justiça",1981-01-09,1981-09-03
7,,"João Morais Leitão","Ministro das Finanças e Plano",1981-01-09,1981-09-03
7,140,"Vitor Pereira Crespo","Ministro da Educação e Ciência",1981-01-09,1981-09-03
7,3059,"Henrique Nascimento Rodrigues","Ministro do Trabalho",1981-01-09,1981-09-03
7,2957,"Carlos Chaves de Macedo","Ministro dos Assuntos Sociais",1981-01-09,1981-09-03
7,3215,"António Cardoso e Cunha","Ministro da Agricultura e Pescas",1981-01-09,1981-09-03
7,,"Alexandre Vaz Pinto","Ministro do Comércio e Turismo",1981-01-09,1981-09-03
7,,"Ricardo Bayão Horta","Ministro da Indústria e Energia",1981-01-09,1981-09-03
7,3420,"Luís Barbosa","Ministro da Habitação e Obras Públicas",1981-01-09,1981-09-03
7,,"José Carlos Viana Baptista","Ministro dos Transportes e Comunicações",1981-01-09,1981-09-03
7,,"João Vaz Serra de Moura","Ministro da Qualidade de Vida",1981-08-03,1981-09-03
7,3264,"Augusto Ferreira do Amaral","Ministro da Qualidade de Vida",1981-01-09,1981-08-03
7,9,"Álvaro Barreto","Ministro da Integração Europeia",1981-01-09,1981-09-03
7,3288,"José Bento Gonçalves","Subsecretário de Estado do Fomento Cooperativo",1981-01-09,1981-09-03
7,,"Maria de Lurdes Orfão","Subsecretário de Estado do Orçamento",1981-01-09,1981-09-03
7,,"Eusébio Marques de Carvalho","Ministro da Reforma Administrativa",1981-01-09,1981-09-03
8,3158,"Francisco Pinto Balsemão","Primeiro-Ministro",1981-09-04,1983-06-08
8,588,"Diogo Freitas do Amaral","Ministro da Defesa Nacional",1981-09-04,1983-06-08
8,588,"Diogo Freitas do Amaral","Vice Primeiro-Ministro",1981-09-04,1983-06-08
8,,"Gonçalo Ribeiro Telles","Ministro de Estado e da Qualidade de Vida",1981-09-04,1983-06-08
8,3270,"João Salgueiro","Ministro de Estado, das Finanças e do Plano",1981-09-04,1983-06-08
8,,"Marcelo Rebelo de Sousa","Ministro dos Assuntos Parlamentares",1982-06-12,1983-06-08
8,49,"Fernando do Amaral","Ministro Adjunto do Primeiro Ministro e dos Assuntos Parlamentares",1981-09-04,1982-06-12
8,,"Ângelo Correia","Ministro da Administração Interna",1981-09-04,1983-06-08
8,,"Vasco Futscher Pereira","Ministro dos Negócios Estrangeiros",1982-06-09,1983-06-08
8,,"André Gonçalves Pereira","Ministro dos Negócios Estrangeiros",1981-09-04,1982-06-09
8,,"José Menéres Pimentel","Ministro da Justiça e da Reforma Administrativa",1981-09-04,1983-06-08
8,,"João Fraústo da Silva","Ministro da Educação e das Universidades",1982-06-12,1983-06-08
8,140,"Vitor Pereira Crespo","Ministro da Educação e das Universidades",1981-09-04,1982-06-12
8,,"Luís Morales","Ministro do Trabalho",1982-06-12,1983-06-08
8,,"António Queirós Martins","Ministro do Trabalho",1981-09-04,1982-06-12
8,3420,"Luís Barbosa","Ministro dos Assuntos Sociais",1981-09-04,1983-06-08
8,1740,"Basílio Horta","Ministro da Agricultura, Comércio e Pescas",1981-09-04,1983-06-08
8,,"Ricardo Bayão Horta","Ministro da Indústria, Energia e Exportação",1981-09-04,1983-06-08
8,1429,"Francisco Lucas Pires","Ministro da Cultura e Coordenação Científica",1981-09-04,1983-06-08
8,,"José Carlos Viana Baptista","Ministro da Habitação, Obras Públicas e Transportes",1981-09-04,1983-06-08
8,,"Luísa Antas","Subsecretário de Estado Adjunto do Ministro dos Assuntos Parlamentares",1981-09-04,1983-06-08
8,,"René Rodrigues da Silva","Subsecretário de Estado da Administração Escolar",1982-06-12,1983-06-08
8,3559,"Amadeu Sá Menezes","Subsecretário de Estado da Agricultura",1982-06-12,1983-06-08
8,,"Manuel Santana Castilho","Subsecretário de Estado dos Assuntos Pedagógicos",1982-06-12,1983-06-08
8,,"Maria de Lurdes Orfão","Subsecretário de Estado do Orçamento",1981-09-04,1983-06-08
8,,"Albino de Azevedo Soares","Subsecretário de Estado da Presidência do Conselho de Ministros",1981-09-04,1983-06-08
8,,"Maria de Lurdes Orfão","Subsecretário de Estado do Orçamento",1981-09-04,1983-06-08
9,3177,"Mário Soares","Primeiro-Ministro",1983-06-09,1985-11-05
9,134,"Rui Machete","Vice Primeiro-Ministro",1985-02-15,1985-11-05
9,134,"Rui Machete","Ministro da Defesa Nacional",1985-02-15,1985-11-05
9,3273,"Carlos Mota Pinto","Vice Primeiro-Ministro",1983-06-09,1985-02-15
9,3273,"Carlos Mota Pinto","Ministro da Defesa Nacional",1983-06-09,1985-02-15
9,147,"António de Almeida Santos","Ministro de Estado",1983-06-09,1985-11-05
9,164,"Eduardo Pereira","Ministro da Administração Interna",1983-06-09,1985-11-05
9,173,"Jaime Gama","Ministro dos Negócios Estrangeiros",1983-06-09,1985-11-05
9,3054,"Mário Raposo","Ministro da Justiça",1985-02-15,1985-11-05
9,134,"Rui Machete","Ministro da Justiça",1983-06-09,1985-02-15
9,,"Ernâni Lopes","Ministro das Finanças e Plano",1983-06-09,1985-11-05
9,334,"João de Deus Pinheiro","Ministro da Educação",1985-02-15,1985-11-05
9,3203,"José Augusto Seabra","Ministro da Educação",1983-06-09,1985-02-15
9,3239,"Amândio de Azevedo","Ministro do Trabalho e Segurança Social",1983-06-09,1985-11-05
9,3230,"António Maldonado Gonelha","Ministro da Saúde",1983-06-09,1985-11-05
9,9,"Álvaro Barreto","Ministro da Agricultura",1984-10-17,1985-11-05
9,3042,"Manuel Soares Costa","Ministro da Agricultura, Florestas e Alimentação",1983-06-09,1984-10-17
9,3147,"José Veiga Simão","Ministro da Indústria e Energia",1983-06-09,1985-11-05
9,287,"Joaquim Ferreira do Amaral","Ministro do Comércio e Turismo",1984-10-17,1985-11-05
9,9,"Álvaro Barreto","Ministro do Comércio e Turismo",1983-06-09,1984-10-17
9,3240,"António Coimbra Martins","Ministro da Cultura",1983-06-09,1985-11-05
9,3154,"Carlos Melancia","Ministro do Equipamento Social",1985-02-15,1985-11-05
9,3085,"João Rosado Correia","Ministro do Equipamento Social",1983-06-09,1985-02-15
9,3465,"Francisco de Sousa Tavares","Ministro da Qualidade de Vida",1984-06-12,1985-11-05
9,314,"António Capucho","Ministro da Qualidade de Vida",1983-06-09,1984-06-12
9,,"José de Almeida Serra","Ministro do Mar",1985-02-15,1985-11-05
9,3154,"Carlos Melancia","Ministro do Mar",1983-06-09,1985-02-15
9,,"Alberto Amorim Pereira","Subsecretário de Estado do Orçamento",1983-06-18,1985-11-05
10,312,"Aníbal Cavaco Silva","Primeiro-Ministro",1985-11-06,1987-08-16
10,256,"Eurico de Melo","Ministro de Estado",1985-11-06,1987-08-16
10,256,"Eurico de Melo","Ministro da Administração Interna",1985-11-06,1987-08-16
10,333,"Fernando Nogueira","Ministro Adjunto e para os Assuntos Parlamentares",1985-11-06,1987-08-16
10,94,"Leonardo Ribeiro de Almeida","Ministro da Defesa Nacional",1985-11-06,1987-08-16
10,,"Pedro Pires de Miranda","Ministro dos Negócios Estrangeiros",1985-11-06,1987-08-16
10,,"Miguel José Ribeiro Cadilhe","Ministro das Finanças",1985-11-06,1987-08-16
10,3054,"Mário Raposo","Ministro da Justiça",1985-11-06,1987-08-16
10,376,"Luís Valente de Oliveira","Ministro do Plano e Administração do Território",1985-11-06,1987-08-16
10,9,"Álvaro Barreto","Ministro da Agricultura, Pescas e Alimentação",1985-11-06,1987-08-16
10,,"Fernando Santos Martins","Ministro da Indústria e Comércio",1985-11-06,1987-08-16
10,334,"João de Deus Pinheiro","Ministro da Educação e Cultura",1985-11-06,1987-08-16
10,69,"João Maria Oliveira Martins","Ministro das Obras Públicas, Transportes e Comunicações",1985-11-06,1987-08-16
10,114,"Leonor Beleza","Ministro da Saúde",1985-11-06,1987-08-16
10,348,"Luís Mira Amaral","Ministro do Trabalho e Segurança Social",1985-11-06,1987-08-16
11,312,"Aníbal Cavaco Silva","Primeiro-Ministro",1987-08-17,1991-10-30
11,333,"Fernando Nogueira","Ministro da Presidência",1987-08-17,1991-10-30
11,333,"Fernando Nogueira","Ministro da Defesa Nacional",1990-03-05,1991-10-30
11,,"Carlos Brito","Ministro da Defesa Nacional",1990-01-05,1990-03-05
11,256,"Eurico de Melo","Ministro da Defesa Nacional",1987-08-17,1990-01-05
11,256,"Eurico de Melo","Vice Primeiro-Ministro",1987-08-17,1990-01-05
11,300,"Manuel Dias Loureiro","Ministro dos Assuntos Parlamentares",1990-01-05,1991-10-30
11,314,"António Capucho","Ministro dos Assuntos Parlamentares",1987-08-17,1991-10-30
11,,"Miguel Beleza","Ministro das Finanças",1990-01-05,1991-10-30
11,,"Miguel José Ribeiro Cadilhe","Ministro das Finanças",1987-08-17,1990-01-05
11,376,"Luís Valente de Oliveira","Ministro do Planeamento e Administração do Território",1987-08-17,1991-10-30
11,,"Manuel Pereira","Ministro da Administração Interna",1990-01-05,1991-10-30
11,,"José Silveira Godinho","Ministro da Administração Interna",1987-08-17,1990-01-05
11,306,"Álvaro Laborinho Lúcio","Ministro da Justiça",1990-03-05,1991-10-30
11,333,"Fernando Nogueira","Ministro da Justiça",1987-08-17,1991-10-30
11,334,"João de Deus Pinheiro","Ministro dos Negócios Estrangeiros",1987-08-17,1991-10-30
11,335,"Arlindo Cunha","Ministro da Agricultura, Pescas e Alimentação",1990-01-05,1991-10-30
11,9,"Álvaro Barreto","Ministro da Agricultura, Pescas e Alimentação",1987-08-17,1990-01-05
11,348,"Luís Mira Amaral","Ministro da Indústria e Energia",1987-08-17,1991-10-30
11,,"Roberto Carneiro","Ministro da Educação",1987-08-17,1991-10-30
11,287,"Joaquim Ferreira do Amaral","Ministro das Obras Públicas, Transportes e Comunicações",1990-11-09,1991-10-30
11,69,"João Maria Oliveira Martins","Ministro das Obras Públicas, Transportes e Comunicações",1987-08-17,1990-11-09
11,335,"Arlindo de Carvalho","Ministro da Saúde",1990-01-05,1991-10-30
11,114,"Leonor Beleza","Ministro da Saúde",1987-08-17,1990-01-05
11,270,"José Silva Peneda","Ministro do Emprego e da Segurança Social",1987-08-17,1991-10-30
11,,"Fernando Faria de Oliveira","Ministro do Comércio e Turismo",1990-11-09,1991-10-30
11,287,"Joaquim Ferreira do Amaral","Ministro do Comércio e Turismo",1987-08-17,1990-11-09
11,356,"António Couto dos Santos","Ministro Adjunto da Juventude",1987-08-17,1991-10-30
11,,"Carlos Borrego","Ministro do Ambiente e Recursos Naturais",1991-04-24,1991-10-30
11,,"Fernando Real","Ministro do Ambiente e Recursos Naturais",1990-01-05,1991-10-30
11,,"Duarte Ivo Cruz","Subsecretário de Estado Adjunto do Ministro dos Negócios Estrangeiros",1990-03-05,1991-10-30
11,1239,"Luís Marques Guedes","Subsecretário de Estado da Presidência do Conselho de Ministros",1990-01-09,1991-10-30
11,,"Isabel Corte Real","Subsecretário de Estado da Modernização Administrativa",1989-01-31,1991-10-30
12,312,"Aníbal Cavaco Silva","Primeiro-Ministro",1991-10-31,1995-10-27
12,370,"Luís Marques Mendes","Ministro Adjunto",1992-03-19,1995-10-27
12,356,"António Couto dos Santos","Ministro Adjunto e dos Assuntos Parlamentares",1991-10-31,1992-03-19
12,333,"Fernando Nogueira","Ministro da Presidência",1991-10-31,1995-10-27
12,1441,"António Figueiredo Lopes","Ministro da Defesa Nacional",1995-03-16,1995-10-27
12,333,"Fernando Nogueira","Ministro da Defesa Nacional",1991-10-31,1995-03-16
12,300,"Manuel Dias Loureiro","Ministro da Administração Interna",1991-10-31,1995-10-27
12,,"Eduardo Catroga","Ministro das Finanças",1993-12-07,1995-10-27
12,,"Jorge Braga de Macedo","Ministro das Finanças",1991-10-31,1993-12-07
12,376,"Luís Valente de Oliveira","Ministro do Planeamento e Administração do Território",1991-10-31,1995-10-27
12,306,"Álvaro Laborinho Lúcio","Ministro da Justiça",1991-10-31,1995-10-27
12,383,"José Manuel Durão Barroso","Ministro dos Negócios Estrangeiros",1992-11-12,1995-10-27
12,334,"João de Deus Pinheiro","Ministro dos Negócios Estrangeiros",1991-10-31,1992-11-12
12,,"António Duarte Silva","Ministro da Agricultura",1994-05-21,1995-10-27
12,335,"Arlindo Cunha","Ministro da Agricultura",1991-10-31,1994-05-21
12,,"António Duarte Silva","Ministro do Mar",1995-03-16,1995-10-27
12,,"Eduardo Azevedo Soares","Ministro do Mar",1991-10-31,1995-03-16
12,348,"Luís Mira Amaral","Ministro da Indústria e Energia",1991-10-31,1995-10-27
12,319,"Manuela Ferreira Leite","Ministro da Educação",1993-12-07,1995-10-27
12,356,"António Couto dos Santos","Ministro da Educação",1992-03-19,1993-12-07
12,,"Diamantino Durão","Ministro da Educação",1991-10-31,1992-03-19
12,287,"Joaquim Ferreira do Amaral","Ministro das Obras Públicas, Transportes e Comunicações",1991-10-31,1995-10-27
12,1234,"Paulo Mendo","Ministro da Saúde",1993-12-07,1995-10-27
12,335,"Arlindo de Carvalho","Ministro da Saúde",1991-10-31,1993-12-07
12,82,"José Falcão e Cunha","Ministro do Emprego e da Segurança Social",1993-12-07,1995-10-27
12,270,"José Silva Peneda","Ministro do Emprego e da Segurança Social",1991-10-31,1993-12-07
12,,"Fernando Faria de Oliveira","Ministro do Comércio e Turismo",1991-10-31,1995-10-27
12,317,"Teresa Gouveia","Ministra do Ambiente e Recursos Naturais",1993-06-11,1995-10-27
12,,"Carlos Borrego","Ministra do Ambiente e Recursos Naturais",1991-10-31,1993-06-11
12,,"Carlos Coelho","Subsecretário de Estado Adjunto do Ministro da Educação",1994-07-25,1995-10-27
12,,"Domingos Jerónimo","Subsecretário de Estado Adjunto do Ministro dos Negócios Estrangeiros",1992-11-12,1995-10-27
12,1434,"Manuel Frexes","Subsecretário de Estado da Cultura",1992-11-12,1995-10-27
12,1239,"Luís Marques Guedes","Subsecretário de Estado Adjunto do Primeiro-Ministro",1991-11-05,1993-12-07
12,,"Vasco Valdez","Subsecretário de Estado Adjunto da Secretária de Estado Adjunta e do Orçamento",1991-11-05,1993-12-07
12,,"Duarte Ivo Cruz","Subsecretário de Estado Adjunto do Ministro dos Negócios Estrangeiros",1991-11-05,1992-11-12
12,,"José Manuel Costa e Oliveira","Subsecretário de Estado Adjunto Ministro da Agricultura",1991-11-05,1993-12-07
12,,"Amândio Oliveira","Subsecretário de Estado Adjunto do Secretário de Estado da Presidência do Conselho de Ministros",1991-11-05,1995-10-27
12,1084,"Maria José Nogueira Pinto","Subsecretário de Estado Adjunto do Secretário de Estado para a Cultura",1991-11-05,1992-11-12
12,,"António Sousa Lara","Subsecretário de Estado da Cultura",1991-11-05,1992-11-12
12,,"Paulo Teixeira Pinto","Subsecretário de Estado da Presidência do Conselho de Ministros",1991-11-05,1992-06-09
13,628,"António Guterres","Primeiro-Ministro",1995-10-28,1999-10-24
13,285,"José Sócrates","Ministro Adjunto do Primeiro Ministro",1997-11-25,1999-10-24
13,156,"António Costa","Ministro dos Assuntos Parlamentares",1997-11-25,1999-10-24
13,173,"Jaime Gama","Ministro da Defesa Nacional",1999-05-29,1999-10-24
13,,"José da Veiga Simão","Ministro da Defesa Nacional",1997-11-25,1999-05-29
13,1205,"António Vitorino","Ministro da Defesa Nacional",1995-10-30,1997-11-25
13,1205,"António Vitorino","Ministro da Presidência",1995-10-30,1997-11-25
13,173,"Jaime Gama","Ministro dos Negócios Estrangeiros",1995-10-28,1999-10-24
13,3526,"António Sousa Franco","Ministro das Finanças",1995-10-28,1999-10-24
13,180,"Jorge Coelho","Ministro da Administração Interna",1997-11-25,1999-10-24
13,143,"Alberto Costa","Ministro da Administração Interna",1995-10-30,1997-11-25
13,180,"Jorge Coelho","Ministro Adjunto",1995-10-30,1999-10-24
13,459,"João Cravinho","Ministro do Equipamento, Planeamento e Administração do Território",1995-10-28,1999-10-24
13,185,"José Vera Jardim","Ministro da Justiça",1995-10-28,1999-10-24
13,1267,"Joaquim Pina Moura","Ministro da Economia",1997-11-25,1999-10-24
13,,"Augusto Mateus","Ministro da Economia",1996-03-27,1997-11-25
13,1261,"Daniel Bessa","Ministro da Economia",1995-10-28,1996-03-27
13,197,"Luís Capoulas Santos","Ministro da Agricultura, Desenvolvimento Rural e das Pescas",1998-10-03,1999-10-24
13,,"Fernando Gomes da Silva","Ministro da Agricultura, Desenvolvimento Rural e das Pescas",1995-10-30,1998-10-03
13,,"Eduardo Marçal Grilo","Ministro da Educação",1995-10-28,1999-10-24
13,1671,"Maria de Belém Roseira","Ministro da Saúde",1995-10-28,1999-10-24
13,163,"Eduardo Ferro Rodrigues","Ministro do Trabalho e Solidariedade",1995-10-28,1999-10-24
13,1676,"Elisa Ferreira","Ministro do Ambiente",1995-10-28,1999-10-24
13,738,"Manuel Maria Carrilho","Ministro da Cultura",1995-10-28,1999-10-24
13,,"Mariano Gago","Ministro da Ciência e Tecnologia",1995-10-28,1999-10-24
13,,"Henrique Constantino","Ministro do Equipamento Social",1995-10-30,1995-12-27
13,,"Francisco Murteira Nabo","Ministro do Equipamento Social",1995-12-27,1996-01-15
13,,"Maria João Rodrigues","Ministro da Qualificação e Emprego",1995-10-30,1997-11-25
14,628,"António Guterres","Primeiro-Ministro",1999-10-25,2002-04-05
14,173,"Jaime Gama","Ministro de Estado",1999-10-25,2002-04-05
14,180,"Jorge Coelho","Ministro de Estado",2000-09-14,2001-03-10
14,173,"Jaime Gama","Ministro dos Negócios Estrangeiros",1999-10-25,2002-04-05
14,180,"Jorge Coelho","Ministro da Presidência",1999-10-25,2000-09-14
14,170,"Guilherme d'Oliveira Martins","Ministro da Presidência",2000-09-14,2002-04-05
14,170,"Guilherme d'Oliveira Martins","Ministro das Finanças",2001-07-03,2002-04-05
14,1267,"Joaquim Pina Moura","Ministro das Finanças",1999-10-25,2001-07-03
14,3601,"Rui Pena","Ministro da Defesa Nacional",2001-07-03,2002-04-05
14,3494,"Júlio Castro Caldas","Ministro da Defesa Nacional",1999-10-25,2001-07-03
14,,"Nuno Severiano Teixeira","Ministro da Administração Interna",2000-09-14,2002-04-05
14,1260,"Fernando Gomes","Ministro da Administração Interna",1999-10-25,2000-09-14
14,180,"Jorge Coelho","Ministro do Equipamento Social",1999-10-25,2001-03-10
14,163,"Eduardo Ferro Rodrigues","Ministro do Equipamento Social",2001-03-10,2002-01-23
14,285,"José Sócrates","Ministro do Equipamento Social",2002-01-23,2002-04-05
14,285,"José Sócrates","Ministro do Ambiente e do Ordenamento do Território",1999-10-25,2002-04-05
14,156,"António Costa","Ministro da Justiça",1999-10-25,2002-04-05
14,2090,"Luís Braga da Cruz","Ministro da Economia",2001-07-03,2002-04-05
14,,"Mário Cristina de Sousa","Ministro da Economia",2000-09-14,2001-07-03
14,,"Joaquim Pina Moura","Ministro da Economia",1999-10-25,2000-09-14
14,1676,"Elisa Ferreira","Ministra do Planeamento",1999-10-25,2002-04-05
14,197,"Luís Capoulas Santos","Ministro da Agricultura, Desenvolvimento Rural e Pescas",1999-10-25,2002-04-05
14,170,"Guilherme d'Oliveira Martins","Ministro da Educação",1999-10-25,2000-09-14
14,,"Júlio Pedrosa","Ministro da Educação",2001-07-03,2002-04-05
14,1278,"Augusto Santos Silva","Ministro da Educação",2000-09-14,2001-07-03
14,,"Manuela Arcanjo","Ministro da Saúde",1999-10-25,2001-07-03
14,153,"António Correia de Campos","Ministro da Saúde",2001-07-03,2002-04-05
14,163,"Eduardo Ferro Rodrigues","Ministro do Trabalho e da Solidariedade",1999-10-25,2001-03-10
14,,"Paulo Pedroso","Ministro do Trabalho e da Solidariedade",2001-03-10,2002-04-05
14,738,"Manuel Maria Carrilho","Ministro da Cultura",1999-10-25,2000-07-12
14,,"José Sasportes","Ministro da Cultura",2000-07-12,2001-07-03
14,1278,"Augusto Santos Silva","Ministro da Cultura",2001-07-03,2002-04-05
14,,"Mariano Gago","Ministro da Ciência e da Tecnologia",1999-10-25,2002-04-05
14,462,"Alberto Martins","Ministro da Reforma do Estado e da Administração Pública",1999-10-25,2002-04-05
14,187,"José Lello","Ministro da Juventude e do Desporto",2000-12-18,2002-04-05
14,158,"Armando Vara","Ministro da Juventude e do Desporto",2000-09-14,2000-12-18
14,158,"Armando Vara","Ministro Adjunto do Primeiro-Ministro",1999-10-25,2000-09-14
14,155,"António José Seguro","Ministro Adjunto do Primeiro-Ministro",2001-07-03,2002-04-05
14,1260,"Fernando Gomes","Ministro Adjunto",1999-10-25,2000-09-14
14,,"Maria do Céu Cunha Rego","Secretário de Estado para a Igualdade",2001-07-04,2002-04-05
14,1671,"Maria de Belém Roseira","Ministro da Igualdade",1999-10-25,2000-09-14
14,189,"José Magalhães","Secretário de Estado dos Assuntos Parlamentares",2000-09-18,2002-04-06
15,383,"José Manuel Durão Barroso","Primeiro-Ministro",2002-04-06,2004-07-16
15,319,"Manuela Ferreira Leite","Ministra de Estado e das Finanças",2002-04-06,2004-07-16
15,1352,"Paulo Portas","Ministro de Estado e da Defesa Nacional",2002-04-06,2004-07-16
15,,"António Martins da Cruz","Ministra dos Negócios Estrangeiros e das Comunidades Portuguesas",2002-04-06,2003-10-09
15,317,"Teresa Gouveia","Ministra dos Negócios Estrangeiros e das Comunidades Portuguesas",2003-10-09,2004-07-16
15,1441,"António Figueiredo Lopes","Ministro da Administração Interna",2002-04-06,2004-07-16
15,1625,"Celeste Cardona","Ministra da Justiça",2002-04-06,2004-07-16
15,1980,"Nuno Morais Sarmento","Ministro da Presidência",2002-04-06,2004-07-16
15,370,"Luís Marques Mendes","Ministro dos Assuntos Parlamentares",2002-04-06,2004-07-16
15,1638,"José Luís Arnaut","Ministro Adjunto do Primeiro-Ministro",2002-04-06,2004-07-16
15,,"Carlos Tavares","Ministro da Economia",2002-04-06,2004-07-16
15,,"Armando Sevinate Pinto","Ministro da Agricultura, Desenvolvimento Rural e Pescas",2002-04-06,2004-07-16
15,1640,"David Justino","Ministro da Educação",2002-04-06,2004-07-16
15,,"Maria da Graça Carvalho","Ministra da Ciência e do Ensino Superior",2003-10-06,2004-07-16
15,4085,"Pedro Lynce","Ministra da Ciência e do Ensino Superior",2002-04-06,2003-10-06
15,128,"Pedro Roseta","Ministro da Cultura",2002-04-06,2004-07-16
15,,"Luís Filipe Pereira","Ministro da Saúde",2002-04-06,2004-07-16
15,3399,"António Bagão Félix","Ministro da Segurança Social e Trabalho",2002-04-06,2004-07-16
15,376,"Luís Valente de Oliveira","Ministro das Obras Públicas, Transportes e Habitação",2002-04-06,2003-04-05
15,,"António Carmona Rodrigues","Ministro das Obras Públicas, Transportes e Habitação",2003-04-05,2004-07-16
15,,"Isaltino Morais","Ministro das Cidades, Ordenamento do Território e Ambiente",2002-04-06,2003-04-05
15,335,"Arlindo Cunha","Ministro das Cidades, Ordenamento do Território e Ambiente",2004-05-21,2004-07-16
15,,"Amílcar Theias","Ministro das Cidades, Ordenamento do Território e Ambiente",2003-04-05,2004-05-21
16,315,"Pedro Santana Lopes","Primeiro-Ministro",2004-07-17,2005-03-11
16,9,"Álvaro Barreto","Ministro de Estado, das Actividades Económicas e do Trabalho",2004-07-17,2005-03-11
16,1352,"Paulo Portas","Ministro de Estado",2004-07-17,2005-03-11
16,1352,"Paulo Portas","Ministro da Defesa Nacional e dos Assuntos do Mar",2004-07-17,2005-03-11
16,1980,"Nuno Morais Sarmento","Ministro de Estado",2004-07-17,2005-03-11
16,1980,"Nuno Morais Sarmento","Ministro da Presidência",2004-07-17,2005-03-11
16,3399,"António Bagão Félix","Ministro das Finanças e da Administração Pública",2004-07-17,2005-03-11
16,,"António Monteiro","Ministro dos Negócios Estrangeiros e das Comunidades Portuguesas",2004-07-17,2005-03-11
16,,"Daniel Sanches","Ministro da Administração Interna",2004-07-17,2005-03-11
16,2061,"José Pedro Aguiar Branco","Ministro da Justiça",2004-07-17,2005-03-11
16,1638,"José Luís Arnaut","Ministro das Cidades, Administração Local, Habitação e Desenvolvimento Regional",2004-07-17,2005-03-11
16,,"Carlos da Costa Neves","Ministro da Agricultura, Pescas e Florestas",2004-07-17,2005-03-11
16,,"Maria do Carmo Seabra","Ministra da Educação",2004-07-17,2005-03-11
16,,"Maria da Graça Carvalho","Ministra da Ciência, Inovação e Ensino Superior",2004-07-17,2005-03-11
16,,"Luís Filipe Pereira","Ministro da Saúde",2004-07-17,2005-03-11
16,1905,"Fernando Negrão","Ministro da Segurança Social, da Família e da Criança",2004-07-17,2005-03-11
16,,"António Mexia","Ministro das Obras Públicas, Transportes e Comunicações",2004-07-17,2005-03-11
16,,"Maria João Bustorff","Ministra da Cultura",2004-07-17,2005-03-11
16,1083,"Luís Nobre Guedes","Ministro do Ambiente e do Ordenamento do Território",2004-07-17,2005-03-11
16,1655,"Telmo Correia","Ministro do Turismo",2004-07-17,2005-03-11
16,133,"Rui Gomes da Silva","Ministro Adjunto do Primeiro-Ministro",2004-12-02,2005-03-11
16,133,"Rui Gomes da Silva","Ministro dos Assuntos Parlamentares",2004-07-21,2004-12-02
16,1645,"Henrique Chaves","Ministro Adjunto do Primeiro-Ministro",2004-07-17,2004-12-02
17,285,"José Sócrates","Primeiro-Ministro",2005-03-12,2009-10-25
17,538,"Luís Amado","Ministro de Estado",2006-07-03,2009-10-25
17,588,"Diogo Freitas do Amaral","Ministro de Estado",2005-03-12,2006-07-03
17,538,"Luís Amado","Ministro dos Negócios Estrangeiros",2006-07-03,2009-10-25
17,588,"Diogo Freitas do Amaral","Ministro dos Negócios Estrangeiros",2005-03-12,2006-07-03
17,,"Teixeira dos Santos","Ministro de Estado",2005-07-21,2009-10-25
17,156,"António Costa","Ministro de Estado",2005-03-12,2007-05-17
17,,"Luís Campos e Cunha","Ministro de Estado",2005-03-12,2005-07-21
17,,"Luís Campos e Cunha","Ministro das Finanças",2005-03-12,2005-07-21
17,,"Teixeira dos Santos","Ministro das Finanças",2005-07-21,2009-10-25
17,2050,"Manuel Pinho","Ministro da Economia e da Inovação",2005-03-12,2009-07-06
17,,"Teixeira dos Santos","Ministro da Economia e da Inovação",2009-07-06,2009-10-25
17,2011,"Pedro Silva Pereira","Ministro da Presidência",2005-03-12,2009-10-25
17,538,"Luís Amado","Ministro da Defesa Nacional",2005-03-12,2006-07-03
17,,"Nuno Severiano Teixeira","Ministro da Defesa Nacional",2006-07-03,2009-10-25
17,,"Rui Pereira","Ministro da Administração Interna",2007-05-17,2009-10-25
17,156,"António Costa","Ministro da Administração Interna e da Justiça",2005-03-12,2007-05-17
17,,"Francisco Nunes Correia","Ministro do Ambiente, do Ordenamento do Território e do Desenvolvimento Regional",2005-03-12,2009-10-25
17,,"Jaime Silva","Ministro da Agricultura, do Desenvolvimento Rural e das Pescas",2005-03-12,2009-10-25
17,,"Mário Lino","Ministro das Obras Públicas, Transportes e Comunicações",2005-03-12,2009-10-25
17,1867,"José Vieira da Silva","Ministro do Trabalho e da Solidariedade Social",2005-03-12,2009-10-25
17,153,"António Correia de Campos","Ministra da Saúde",2005-03-12,2008-01-30
17,3986,"Ana Jorge","Ministra da Saúde",2008-01-30,2009-10-25
17,,"Maria de Lurdes Rodrigues","Ministra da Educação",2005-03-12,2009-10-25
17,,"Mariano Gago","Ministro da Ciência, Tecnologia e Ensino Superior",2005-03-12,2009-10-25
17,1672,"Isabel Pires de Lima","Ministro da Cultura",2005-03-12,2008-01-30
17,,"José António Pinto Ribeiro","Ministro da Cultura",2008-01-30,2009-10-25
17,1278,"Augusto Santos Silva","Ministro dos Assuntos Parlamentares",2005-03-12,2009-10-25
18,285,"José Sócrates","Primeiro-Ministro",2009-10-26,2011-06-20
18,538,"Luís Amado","Ministro de Estado e dos Negócios Estrangeiros",2009-10-26,2011-06-20
18,,"Teixeira dos Santos","Ministro de Estado e das Finanças",2009-10-26,2011-06-20
18,2011,"Pedro Silva Pereira","Ministro da Presidência",2009-10-26,2011-06-20
18,1278,"Augusto Santos Silva","Ministro da Defesa Nacional",2009-10-26,2011-06-20
18,,"Rui Pereira","Ministro da Administração Interna",2009-10-26,2011-06-20
18,462,"Alberto Martins","Ministro da Justiça",2009-10-26,2011-06-20
18,1867,"José Vieira da Silva","Ministro da Economia, da Inovação e do Desenvolvimento",2009-10-26,2011-06-20
18,,"António Serrano","Ministro da Agricultura, do Desenvolvimento Rural e das Pescas",2009-10-26,2011-06-20
18,,"António Mendonça","Ministro das Obras Públicas, Transportes e Comunicações",2009-10-26,2011-06-20
18,,"Dulce Pássaro","Ministra do Ambiente e do Ordenamento do Território",2009-10-26,2011-06-20
18,,"Helena André","Ministra do Trabalho e da Solidariedade Social",2009-10-26,2011-06-20
18,3986,"Ana Jorge","Ministra da Saúde",2009-10-26,2011-06-20
18,,"Isabel Alçada","Ministra da Educação",2009-10-26,2011-06-20
18,,"Mariano Gago","Ministro da Ciência, Tecnologia e Ensino Superior",2009-10-26,2011-06-20
18,1851,"Gabriela Canavilhas","Ministra da Cultura",2009-10-26,2011-06-20
18,179,"Jorge Lacão","Ministro dos Assuntos Parlamentares",2009-10-26,2011-06-20
19,129,"Pedro Passos Coelho","Primeiro-Ministro",2011-06-21,
19,,"Vítor Gaspar","Ministro de Estado e das Finanças",2011-06-21,
19,1352,"Paulo Portas","Ministro de Estado e dos Negócios Estrangeiros",2011-06-21,
19,2061,"José Pedro Aguiar Branco","Ministro da Defesa Nacional",2011-06-21,
19,123,"Miguel Macedo","Ministro da Administração Interna",2011-06-21,
19,4434,"Paula Teixeira da Cruz","Ministra da Justiça",2011-06-21,
19,124,"Miguel Relvas","Ministro Adjunto e dos Assuntos Parlamentares",2011-06-21,
19,,"Álvaro Santos Pereira","Ministro da Economia e do Emprego",2011-06-21,
19,4057,"Assunção Cristas","Ministra da Agricultura, do Mar, do Ambiente e do Ordenamento do Território",2011-06-21,
19,,"Paulo Macedo","Ministro da Saúde",2011-06-21,
19,,"Nuno Crato","Ministro da Educação e da Ciência",2011-06-21,
19,1102,"Pedro Mota Soares","Ministro da Solidariedade e da Segurança Social",2011-06-21,
19,1239,"Luís Marques Guedes","Secretário de Estado da Presidência do Conselho de Ministros",2011-06-21,
19,4293,"Carlos Moedas","Secretário de Estado Adjunto do Primeiro-Ministro",2011-06-21,
19,4310,"Francisco José Viegas","Secretário de Estado da Cultura",2011-06-21,
19,,"Luís Morais Sarmento","Secretário de Estado do Orçamento",2011-06-21,
19,,"Maria Luís Albuquerque","Secretária de Estado do Tesouro e das Finanças",2011-06-21,
19,,"Paulo Núncio","Secretário de Estado dos Assuntos Fiscais",2011-06-21,
19,,"Hélder Rosalino","Secretário de Estado da Administração Pública",2011-06-21,
19,,"Miguel Morais Leitão","Secretário de Estado Adjunto e dos Assuntos Europeus",2011-06-21,
19,,"Luís Brites Pereira","Secretário de Estado dos Negócios Estrangeiros e da Cooperação",2011-06-21,
19,,"José Cesário","Secretário de Estado das Comunidades Portuguesas",2011-06-21,
19,,"Vânia Dias da Silva","Subsecretária de Estado Adjunta do Ministro de Estado e dos Negócios Estrangeiros",2011-06-21,
19,,"Paulo Braga Lino","Secretário de Estado Adjunto e da Defesa Nacional",2011-06-21,
19,,"Juvenal da Silva Peneda","Secretário de Estado Adjunto do Ministro da Administração Interna",2011-06-21,
19,4172,"Filipe Lobo d'Ávila","Secretário de Estado da Administração Interna",2011-06-21,
19,,"Fernando Santo","Secretário de Estado da Administração Patrimonial e Equipamentos do Ministério da Justiça",2011-06-21,
19,1619,"Feliciano Barreiras Duarte","Secretário de Estado Adjunto do Ministro Adjunto e dos Assuntos Parlamentares",2011-06-21,
19,1897,"Teresa Morais","Secretária de Estado dos Assuntos Parlamentares e da Igualdade",2011-06-21,
19,,"Paulo Simões Júlio","Secretário de Estado da Administração Local e Reforma Administrativa",2011-06-21,
19,,"Alexandre Mestre","Secretário de Estado do Desporto e Juventude",2011-06-21,
19,,"António Almeida Henriques","Secretário de Estado Adjunto da Economia e Desenvolvimento Regional",2011-06-21,
19,,"Pedro Silva Martins","Secretário de Estado do Emprego",2011-06-21,
19,,"Carlos Nuno Oliveira","Secretário de Estado do Empreendedorismo, Competitividade e Inovação",2011-06-21,
19,,"Sérgio Silva Monteiro","Secretário de Estado das Obras Públicas, Transportes e Comunicações",2011-06-21,
19,,"Artur Trindade","Secretário de Estado da Energia",2011-06-21,
19,,"Cecília Meireles","Secretária de Estado do Turismo",2011-06-21,
19,,"José Diogo Albuquerque","Secretário de Estado da Agricultura",2011-06-21,
19,1724,"Daniel Campelo","Secretário de Estado das Florestas e Desenvolvimento Rural",2011-06-21,
19,,"Manuel Pinto de Abreu","Secretário de Estado do Mar",2011-06-21,
19,,"Pedro Afonso de Paulo","Secretário de Estado do Ambiente e Ordenamento do Território",2011-06-21,
19,,"Fernando Leal da Costa","Secretário de Estado Adjunto do Ministro da Saúde",2011-06-21,
19,,"Manuel Ferreira Teixeira","Secretário de Estado da Saúde",2011-06-21,
19,,"João Filipe Queiró","Secretário de Estado do Ensino Superior",2011-06-21,
19,,"Leonor Parreira","Secretária de Estado da Ciência",2011-06-21,
19,,"João Casanova de Almeida","Secretário de Estado do Ensino e Administração Escolar",2011-06-21,
19,,"Isabel Leite","Secretária de Estado do Ensino Básico e Secundário",2011-06-21,
19,646,"Marco António Costa","Secretário de Estado da Solidariedade e da Segurança Social",2011-06-21,
